<?xml version="1.0" encoding="utf-8"?>
<extension type="module" version="3.0" client="administrator" method="upgrade">
	<name>MOD_POWERADMINBAR</name>
	<author>JoomlaShine.com</author>
	<creationDate>02/18/2022</creationDate>
	<authorEmail>support@joomlashine.com</authorEmail>
	<authorUrl>http://www.joomlashine.com</authorUrl>
	<copyright>Copyright (c) 2012 - JoomlaShine.com</copyright>
	<license>GNU/GPL v2 http://www.gnu.org/licenses/gpl-2.0.html</license>
	<version>1.2.0</version>
	<description>MOD_POWERADMINBAR_XML_DESC</description>
  	<updateservers>
        <server type="collection" name="JSN PowerAdmin 2 Update Server">https://www.joomlashine.com/versioning/extensions/com_poweradmin2.xml</server>
    </updateservers>	
	<files>
		<folder>tmpl</folder>
		<folder>vendors</folder>
		<filename>index.html</filename>
		<filename module="mod_poweradminbar">mod_poweradminbar.php</filename>
		<filename>mod_poweradminbar.xml</filename>
	</files>
</extension>
